section,benchmark,method,engine,threads,n_obs,n_unit,n_time,k,cutoff_km,kernel,dist,lag,pixel,vce_seconds,total_seconds,rel_diff_vs_plugin,notes,run_date,stata_version,ado_version,engine_build,acreg_version
dense,dense uniform spherical,fastconley,plugin,8,1000,NA,NA,5,500,uniform,spherical,0,0,.001,.008,0,"reference",26 Sep 2026 23:46:14 ,"18 IC (4 licensed / 16 cores)","0.2.0","5f7cfdd","December 2020 (1.1.0)"
dense,dense uniform spherical,fastconley,mata,1,1000,NA,NA,5,500,uniform,spherical,0,0,.012,.019,1.40832910531e-18,"",5 Sep 2026 19:27:51 ,"18 IC (4 licensed / 16 cores)","0.2.0","fd27197","December 2020 (1.1.0)"
dense,dense uniform spherical,fastconley,plugin,8,2000,NA,NA,5,500,uniform,spherical,0,0,.003,.012,0,"reference",26 Sep 2026 23:46:14 ,"18 IC (4 licensed / 16 cores)","0.2.0","5f7cfdd","December 2020 (1.1.0)"
dense,dense uniform spherical,fastconley,mata,1,2000,NA,NA,5,500,uniform,spherical,0,0,.023,.031,7.58656996600e-19,"",5 Sep 2026 19:27:51 ,"18 IC (4 licensed / 16 cores)","0.2.0","fd27197","December 2020 (1.1.0)"
dense,dense uniform spherical,fastconley,plugin,8,4000,NA,NA,5,500,uniform,spherical,0,0,.003,.014,0,"reference",26 Sep 2026 23:46:14 ,"18 IC (4 licensed / 16 cores)","0.2.0","5f7cfdd","December 2020 (1.1.0)"
dense,dense uniform spherical,fastconley,mata,1,4000,NA,NA,5,500,uniform,spherical,0,0,.05,.058,2.16778250468e-19,"",5 Sep 2026 19:27:51 ,"18 IC (4 licensed / 16 cores)","0.2.0","fd27197","December 2020 (1.1.0)"
cross_section,n=50000 cutoff=100,fastconley,plugin,1,50000,NA,NA,10,100,uniform,spherical,0,0,.041,.079,0,"",26 Sep 2026 23:46:15 ,"18 IC (4 licensed / 16 cores)","0.2.0","5f7cfdd","December 2020 (1.1.0)"
cross_section,n=50000 cutoff=100,fastconley,plugin,4,50000,NA,NA,10,100,uniform,spherical,0,0,.031,.068,0,"",26 Sep 2026 23:46:15 ,"18 IC (4 licensed / 16 cores)","0.2.0","5f7cfdd","December 2020 (1.1.0)"
cross_section,n=50000 cutoff=100,fastconley,plugin,8,50000,NA,NA,10,100,uniform,spherical,0,0,.027,.06,0,"",26 Sep 2026 23:46:15 ,"18 IC (4 licensed / 16 cores)","0.2.0","5f7cfdd","December 2020 (1.1.0)"
cross_section,n=50000 cutoff=100,fastconley,plugin,16,50000,NA,NA,10,100,uniform,spherical,0,0,.026,.08,0,"",26 Sep 2026 23:46:15 ,"18 IC (4 licensed / 16 cores)","0.2.0","5f7cfdd","December 2020 (1.1.0)"
cross_section,n=50000 cutoff=100,fastconley,mata,1,50000,NA,NA,10,100,uniform,spherical,0,0,.673,.708,1.01641850652e-19,"",5 Sep 2026 19:27:51 ,"18 IC (4 licensed / 16 cores)","0.2.0","fd27197","December 2020 (1.1.0)"
cross_section,n=50000 cutoff=500,fastconley,plugin,1,50000,NA,NA,10,500,uniform,spherical,0,0,.329,.361,0,"",26 Sep 2026 23:46:15 ,"18 IC (4 licensed / 16 cores)","0.2.0","5f7cfdd","December 2020 (1.1.0)"
cross_section,n=50000 cutoff=500,fastconley,plugin,4,50000,NA,NA,10,500,uniform,spherical,0,0,.141,.177,0,"",26 Sep 2026 23:46:15 ,"18 IC (4 licensed / 16 cores)","0.2.0","5f7cfdd","December 2020 (1.1.0)"
cross_section,n=50000 cutoff=500,fastconley,plugin,8,50000,NA,NA,10,500,uniform,spherical,0,0,.095,.138,0,"",26 Sep 2026 23:46:15 ,"18 IC (4 licensed / 16 cores)","0.2.0","5f7cfdd","December 2020 (1.1.0)"
cross_section,n=50000 cutoff=500,fastconley,plugin,16,50000,NA,NA,10,500,uniform,spherical,0,0,.071,.125,0,"",26 Sep 2026 23:46:15 ,"18 IC (4 licensed / 16 cores)","0.2.0","5f7cfdd","December 2020 (1.1.0)"
cross_section,n=50000 cutoff=500,fastconley,mata,1,50000,NA,NA,10,500,uniform,spherical,0,0,3.159,3.194,3.38807670813e-20,"",5 Sep 2026 19:27:51 ,"18 IC (4 licensed / 16 cores)","0.2.0","fd27197","December 2020 (1.1.0)"
cross_section,n=100000 cutoff=100,fastconley,plugin,1,100000,NA,NA,10,100,uniform,spherical,0,0,.131,.199,0,"",26 Sep 2026 23:46:15 ,"18 IC (4 licensed / 16 cores)","0.2.0","5f7cfdd","December 2020 (1.1.0)"
cross_section,n=100000 cutoff=100,fastconley,plugin,4,100000,NA,NA,10,100,uniform,spherical,0,0,.079,.173,0,"",26 Sep 2026 23:46:15 ,"18 IC (4 licensed / 16 cores)","0.2.0","5f7cfdd","December 2020 (1.1.0)"
cross_section,n=100000 cutoff=100,fastconley,plugin,8,100000,NA,NA,10,100,uniform,spherical,0,0,.069,.18,0,"",26 Sep 2026 23:46:15 ,"18 IC (4 licensed / 16 cores)","0.2.0","5f7cfdd","December 2020 (1.1.0)"
cross_section,n=100000 cutoff=100,fastconley,plugin,16,100000,NA,NA,10,100,uniform,spherical,0,0,.057,.115,0,"",26 Sep 2026 23:46:15 ,"18 IC (4 licensed / 16 cores)","0.2.0","5f7cfdd","December 2020 (1.1.0)"
cross_section,n=100000 cutoff=100,fastconley,mata,1,100000,NA,NA,10,100,uniform,spherical,0,0,1.452,1.524,7.11500981357e-20,"",5 Sep 2026 19:27:51 ,"18 IC (4 licensed / 16 cores)","0.2.0","fd27197","December 2020 (1.1.0)"
cross_section,n=100000 cutoff=500,fastconley,plugin,1,100000,NA,NA,10,500,uniform,spherical,0,0,1.269,1.329,0,"",26 Sep 2026 23:46:15 ,"18 IC (4 licensed / 16 cores)","0.2.0","5f7cfdd","December 2020 (1.1.0)"
cross_section,n=100000 cutoff=500,fastconley,plugin,4,100000,NA,NA,10,500,uniform,spherical,0,0,.428,.488,0,"",26 Sep 2026 23:46:15 ,"18 IC (4 licensed / 16 cores)","0.2.0","5f7cfdd","December 2020 (1.1.0)"
cross_section,n=100000 cutoff=500,fastconley,plugin,8,100000,NA,NA,10,500,uniform,spherical,0,0,.313,.393,0,"",26 Sep 2026 23:46:15 ,"18 IC (4 licensed / 16 cores)","0.2.0","5f7cfdd","December 2020 (1.1.0)"
cross_section,n=100000 cutoff=500,fastconley,plugin,16,100000,NA,NA,10,500,uniform,spherical,0,0,.243,.325,0,"",26 Sep 2026 23:46:15 ,"18 IC (4 licensed / 16 cores)","0.2.0","5f7cfdd","December 2020 (1.1.0)"
cross_section,n=100000 cutoff=500,fastconley,mata,1,100000,NA,NA,10,500,uniform,spherical,0,0,17.272,17.37,2.87988672995e-20,"",5 Sep 2026 19:27:51 ,"18 IC (4 licensed / 16 cores)","0.2.0","fd27197","December 2020 (1.1.0)"
panel,balanced panel SHAC,fastconley,plugin,1,40000,10000,4,5,500,uniform,spherical,1,0,.045,.154,0,"lag=1; spatial (contemporaneous) + own-unit serial Bartlett",26 Sep 2026 23:46:24 ,"18 IC (4 licensed / 16 cores)","0.2.0","5f7cfdd","December 2020 (1.1.0)"
panel,balanced panel SHAC,fastconley,plugin,4,40000,10000,4,5,500,uniform,spherical,1,0,.029,.138,0,"lag=1; spatial (contemporaneous) + own-unit serial Bartlett",26 Sep 2026 23:46:24 ,"18 IC (4 licensed / 16 cores)","0.2.0","5f7cfdd","December 2020 (1.1.0)"
panel,balanced panel SHAC,fastconley,plugin,8,40000,10000,4,5,500,uniform,spherical,1,0,.026,.134,0,"lag=1; spatial (contemporaneous) + own-unit serial Bartlett",26 Sep 2026 23:46:24 ,"18 IC (4 licensed / 16 cores)","0.2.0","5f7cfdd","December 2020 (1.1.0)"
panel,balanced panel SHAC,fastconley,plugin,16,40000,10000,4,5,500,uniform,spherical,1,0,.025,.143,0,"lag=1; spatial (contemporaneous) + own-unit serial Bartlett",26 Sep 2026 23:46:24 ,"18 IC (4 licensed / 16 cores)","0.2.0","5f7cfdd","December 2020 (1.1.0)"
panel,balanced panel SHAC,fastconley,mata,1,40000,10000,4,5,500,uniform,spherical,1,0,.312,.467,6.09844288632e-20,"",5 Sep 2026 19:28:57 ,"18 IC (4 licensed / 16 cores)","0.2.0","fd27197","December 2020 (1.1.0)"
grid,regular lat/lon lattice,grid,plugin,8,32400,NA,NA,3,250,uniform,spherical,0,0,.011,.026,0,"180 x 180 lattice; grid engine",26 Sep 2026 23:46:25 ,"18 IC (4 licensed / 16 cores)","0.2.0","5f7cfdd","December 2020 (1.1.0)"
grid,regular lat/lon lattice,pairwise,plugin,8,32400,NA,NA,3,250,uniform,spherical,0,0,.097,.113,8.13138411259e-20,"3D cell-grid pair enumeration",26 Sep 2026 23:46:25 ,"18 IC (4 licensed / 16 cores)","0.2.0","5f7cfdd","December 2020 (1.1.0)"
grid,regular lat/lon lattice,pairwise,mata,1,32400,NA,NA,3,250,uniform,spherical,0,0,7.117,7.152,3.72692955661e-20,"Mata has no grid engine",5 Sep 2026 19:29:01 ,"18 IC (4 licensed / 16 cores)","0.2.0","fd27197","December 2020 (1.1.0)"
grid,regular lat/lon lattice,grid,plugin,8,32400,NA,NA,3,250,bartlett,spherical,0,0,.02,.042,0,"180 x 180 lattice; grid engine",26 Sep 2026 23:46:25 ,"18 IC (4 licensed / 16 cores)","0.2.0","5f7cfdd","December 2020 (1.1.0)"
grid,regular lat/lon lattice,pairwise,plugin,8,32400,NA,NA,3,250,bartlett,spherical,0,0,.242,.259,6.43726341730e-20,"3D cell-grid pair enumeration",26 Sep 2026 23:46:25 ,"18 IC (4 licensed / 16 cores)","0.2.0","5f7cfdd","December 2020 (1.1.0)"
grid,regular lat/lon lattice,pairwise,mata,1,32400,NA,NA,3,250,bartlett,spherical,0,0,9.853999999999999,9.875999999999999,5.67066934717e-18,"Mata has no grid engine",5 Sep 2026 19:29:01 ,"18 IC (4 licensed / 16 cores)","0.2.0","fd27197","December 2020 (1.1.0)"
pixel,repeated-coordinate cross-section,pixel=0,plugin,8,100000,NA,NA,5,250,bartlett,spherical,0,0,.038,.078,0,"exact coordinate dedupe; rel vs pixel=0",26 Sep 2026 23:46:26 ,"18 IC (4 licensed / 16 cores)","0.2.0","5f7cfdd","December 2020 (1.1.0)"
pixel,repeated-coordinate cross-section,pixel=0,mata,1,100000,NA,NA,5,250,bartlett,spherical,0,0,.516,.569,7.48770276299e-19,"rel vs plugin pixel=0",5 Sep 2026 19:29:39 ,"18 IC (4 licensed / 16 cores)","0.2.0","fd27197","December 2020 (1.1.0)"
pixel,repeated-coordinate cross-section,pixel=10,plugin,8,100000,NA,NA,5,250,bartlett,spherical,0,10,.047,.093,5.67181369195e-08,"approximate snapping; rel vs pixel=0",26 Sep 2026 23:46:26 ,"18 IC (4 licensed / 16 cores)","0.2.0","5f7cfdd","December 2020 (1.1.0)"
pixel,repeated-coordinate cross-section,pixel=10,mata,1,100000,NA,NA,5,250,bartlett,spherical,0,10,.526,.593,5.67181369193e-08,"rel vs plugin pixel=0",5 Sep 2026 19:29:39 ,"18 IC (4 licensed / 16 cores)","0.2.0","fd27197","December 2020 (1.1.0)"
pixel,repeated-coordinate cross-section,pixel=25,plugin,8,100000,NA,NA,5,250,bartlett,spherical,0,25,.046,.1,1.30345422821e-07,"approximate snapping; rel vs pixel=0",26 Sep 2026 23:46:26 ,"18 IC (4 licensed / 16 cores)","0.2.0","5f7cfdd","December 2020 (1.1.0)"
pixel,repeated-coordinate cross-section,pixel=25,mata,1,100000,NA,NA,5,250,bartlett,spherical,0,25,.373,.418,1.30345422821e-07,"rel vs plugin pixel=0",5 Sep 2026 19:29:39 ,"18 IC (4 licensed / 16 cores)","0.2.0","fd27197","December 2020 (1.1.0)"
large_xsection,n=1000000 cutoff=100,fastconley,plugin,1,1000000,NA,NA,10,100,uniform,spherical,0,0,1.163,1.967,0,"lat in [-55,70], lon in [-180,180]",26 Sep 2026 23:46:27 ,"18 IC (4 licensed / 16 cores)","0.2.0","5f7cfdd","December 2020 (1.1.0)"
large_xsection,n=1000000 cutoff=100,fastconley,plugin,4,1000000,NA,NA,10,100,uniform,spherical,0,0,.949,1.817,0,"lat in [-55,70], lon in [-180,180]",26 Sep 2026 23:46:27 ,"18 IC (4 licensed / 16 cores)","0.2.0","5f7cfdd","December 2020 (1.1.0)"
large_xsection,n=1000000 cutoff=100,fastconley,plugin,8,1000000,NA,NA,10,100,uniform,spherical,0,0,.757,1.474,0,"lat in [-55,70], lon in [-180,180]",26 Sep 2026 23:46:27 ,"18 IC (4 licensed / 16 cores)","0.2.0","5f7cfdd","December 2020 (1.1.0)"
large_xsection,n=1000000 cutoff=100,fastconley,plugin,16,1000000,NA,NA,10,100,uniform,spherical,0,0,.874,1.624,0,"lat in [-55,70], lon in [-180,180]",26 Sep 2026 23:46:27 ,"18 IC (4 licensed / 16 cores)","0.2.0","5f7cfdd","December 2020 (1.1.0)"
large_xsection,n=1000000 cutoff=100,fastconley,mata,1,1000000,NA,NA,10,100,uniform,spherical,0,0,15.406,16.509,3.45165576776e-20,"",5 Sep 2026 19:29:43 ,"18 IC (4 licensed / 16 cores)","0.2.0","fd27197","December 2020 (1.1.0)"
overhead,n=100000 no pairs,fastconley,plugin,8,100000,NA,NA,10,-1,uniform,spherical,0,0,.063,.139,0,"cutoff(-1): diagonal only; preparation cost",26 Sep 2026 23:46:43 ,"18 IC (4 licensed / 16 cores)","0.2.0","5f7cfdd","December 2020 (1.1.0)"
overhead,n=100000 no pairs,fastconley,mata,1,100000,NA,NA,10,-1,uniform,spherical,0,0,.081,.172,NA,"cutoff(-1): diagonal only; preparation cost",5 Sep 2026 19:30:41 ,"18 IC (4 licensed / 16 cores)","0.2.0","fd27197","December 2020 (1.1.0)"
overhead,n=1000000 no pairs,fastconley,plugin,8,1000000,NA,NA,10,-1,uniform,spherical,0,0,.961,1.922,0,"cutoff(-1): diagonal only; preparation cost",26 Sep 2026 23:46:43 ,"18 IC (4 licensed / 16 cores)","0.2.0","5f7cfdd","December 2020 (1.1.0)"
overhead,n=1000000 no pairs,fastconley,mata,1,1000000,NA,NA,10,-1,uniform,spherical,0,0,1.146,2.223,NA,"cutoff(-1): diagonal only; preparation cost",5 Sep 2026 19:30:41 ,"18 IC (4 licensed / 16 cores)","0.2.0","fd27197","December 2020 (1.1.0)"
dense,dense uniform spherical,acreg,acreg,1,1000,NA,NA,5,500,uniform,planar,0,0,NA,.1850000000000001,.0000648062798705,"planar equirectangular distance; whole command timed",5 Sep 2026 19:30:53 ,"18 IC (4 licensed / 16 cores)","0.2.0","fd27197","December 2020 (1.1.0)"
dense,dense uniform spherical,acreg,acreg,1,2000,NA,NA,5,500,uniform,planar,0,0,NA,.406,.0000314012531837,"planar equirectangular distance; whole command timed",5 Sep 2026 19:30:53 ,"18 IC (4 licensed / 16 cores)","0.2.0","fd27197","December 2020 (1.1.0)"
dense,dense uniform spherical,acreg,acreg,1,4000,NA,NA,5,500,uniform,planar,0,0,NA,1.139,.0000100110770948,"planar equirectangular distance; whole command timed",5 Sep 2026 19:30:53 ,"18 IC (4 licensed / 16 cores)","0.2.0","fd27197","December 2020 (1.1.0)"
grid,regular lat/lon lattice,acreg,acreg,1,32400,NA,NA,3,250,uniform,planar,0,0,NA,65.07899999999999,2.96342599607e-06,"planar equirectangular distance; whole command timed",5 Sep 2026 19:30:55 ,"18 IC (4 licensed / 16 cores)","0.2.0","fd27197","December 2020 (1.1.0)"
grid,regular lat/lon lattice,acreg,acreg,1,32400,NA,NA,3,250,bartlett,planar,0,0,NA,69.256,5.17716505252e-08,"planar equirectangular distance; whole command timed",5 Sep 2026 19:30:55 ,"18 IC (4 licensed / 16 cores)","0.2.0","fd27197","December 2020 (1.1.0)"
panel,balanced panel SHAC,acreg,acreg,1,40000,10000,4,5,500,uniform,planar,1,0,NA,75.27,NA,"acreg hac: spatial x temporal product weights (different convention); planar distance; whole command timed",5 Sep 2026 19:33:10 ,"18 IC (4 licensed / 16 cores)","0.2.0","fd27197","December 2020 (1.1.0)"
cross_section,n=50000 cutoff=100,acreg,acreg,1,50000,NA,NA,10,100,uniform,planar,0,0,NA,179.24,1.67388774963e-07,"planar equirectangular distance; whole command timed",5 Sep 2026 19:34:26 ,"18 IC (4 licensed / 16 cores)","0.2.0","fd27197","December 2020 (1.1.0)"
cross_section,n=50000 cutoff=500,acreg,acreg,1,50000,NA,NA,10,500,uniform,planar,0,0,NA,181.315,1.13022096700e-06,"planar equirectangular distance; whole command timed",5 Sep 2026 19:37:25 ,"18 IC (4 licensed / 16 cores)","0.2.0","fd27197","December 2020 (1.1.0)"
cross_section,n=100000 cutoff=100,acreg,acreg,1,100000,NA,NA,10,100,uniform,planar,0,0,NA,777.154,7.75179279049e-08,"planar equirectangular distance; whole command timed",5 Sep 2026 19:40:27 ,"18 IC (4 licensed / 16 cores)","0.2.0","fd27197","December 2020 (1.1.0)"
cross_section,n=100000 cutoff=500,acreg,acreg,1,100000,NA,NA,10,500,uniform,planar,0,0,NA,782.215,6.35707144183e-07,"planar equirectangular distance; whole command timed",5 Sep 2026 19:53:25 ,"18 IC (4 licensed / 16 cores)","0.2.0","fd27197","December 2020 (1.1.0)"
